,mean_fit_time,std_fit_time,mean_score_time,std_score_time,param_subsample,param_min_child_weight,param_max_depth,param_learning_rate,param_gamma,param_colsample_bytree,param_colsample_bylevel,params,split0_test_r2,split1_test_r2,split2_test_r2,mean_test_r2,std_test_r2,rank_test_r2,split0_train_r2,split1_train_r2,split2_train_r2,mean_train_r2,std_train_r2,split0_test_neg_root_mean_squared_error,split1_test_neg_root_mean_squared_error,split2_test_neg_root_mean_squared_error,mean_test_neg_root_mean_squared_error,std_test_neg_root_mean_squared_error,rank_test_neg_root_mean_squared_error,split0_train_neg_root_mean_squared_error,split1_train_neg_root_mean_squared_error,split2_train_neg_root_mean_squared_error,mean_train_neg_root_mean_squared_error,std_train_neg_root_mean_squared_error
0,22.371379534403484,0.8406803119956836,0.5461377302805582,0.10379154626644006,0.74,0.06810000000000001,3,0.132,10.58,0.24999999999999992,0.0,"{'subsample': np.float64(0.74), 'min_child_weight': np.float64(0.06810000000000001), 'max_depth': 3, 'learning_rate': np.float64(0.132), 'gamma': np.float64(10.58), 'colsample_bytree': np.float64(0.24999999999999992), 'colsample_bylevel': np.float64(0.0)}",0.2539922063965363,0.2558821158830288,0.2613145863261501,0.2570629695352384,0.003103774419354111,46,0.25877838624502447,0.25823506152147935,0.25613370682200165,0.2577157181961685,0.0011404298691864065,-2444.040362406682,-2426.204209266491,-2405.738071691972,-2425.3275477883817,15.649127132398215,46,-2415.6784800946484,-2423.9496894588387,-2433.1733192827405,-2424.2671629454094,7.145765254811513
1,38.72804458936056,6.912406542239934,0.7178928852081299,0.02742986950277305,0.33,0.4441,5,0.1065,33.025,0.6099999999999998,1.0,"{'subsample': np.float64(0.33), 'min_child_weight': np.float64(0.4441), 'max_depth': 5, 'learning_rate': np.float64(0.1065), 'gamma': np.float64(33.025), 'colsample_bytree': np.float64(0.6099999999999998), 'colsample_bylevel': np.float64(1.0)}",0.7975271618768204,0.7941686286661027,0.7982777301007326,0.7966578402145519,0.0017866110870185096,17,0.8138967017598897,0.8149052543018224,0.8127477267908214,0.813849894284178,0.0008814285544948737,-1273.2687398693781,-1276.0340529617986,-1257.1743241975273,-1268.8257056762347,8.315758409852613,17,-1210.4368261014558,-1210.8420540663717,-1220.784917252277,-1214.0212658067014,4.785484168038012
2,34.35399190584818,11.254430704752949,1.2252828280131023,0.21105001902565823,0.29000000000000004,0.3481,11,0.2115,27.855,0.6299999999999997,0.0,"{'subsample': np.float64(0.29000000000000004), 'min_child_weight': np.float64(0.3481), 'max_depth': 11, 'learning_rate': np.float64(0.2115), 'gamma': np.float64(27.855), 'colsample_bytree': np.float64(0.6299999999999997), 'colsample_bylevel': np.float64(0.0)}",0.5191423308504306,0.5018245920360436,0.5134276329382721,0.5114648519415821,0.007204878039289647,26,0.5521428473318166,0.5386081676992818,0.5385630064683852,0.5431046738331612,0.0063909803644429004,-1962.207652093075,-1985.1696328727555,-1952.5056535408667,-1966.6276461688992,13.696377797828047,26,-1877.7373739068576,-1911.7249226576778,-1916.3807960576992,-1901.947697540745,17.224480971811165
3,34.13617277145386,1.2135312803820624,1.3266630967458088,0.0348623052757025,0.8300000000000001,0.15209999999999999,12,0.0405,12.280000000000001,0.43999999999999984,0.0,"{'subsample': np.float64(0.8300000000000001), 'min_child_weight': np.float64(0.15209999999999999), 'max_depth': 12, 'learning_rate': np.float64(0.0405), 'gamma': np.float64(12.280000000000001), 'colsample_bytree': np.float64(0.43999999999999984), 'colsample_bylevel': np.float64(0.0)}",0.31778368874061946,0.32235638607234973,0.3158050360401886,0.3186483702843859,0.00274357460746282,42,0.3310027276045241,0.33456767920471575,0.3173542483038252,0.327641551704355,0.007418386096667368,-2337.210027653311,-2315.2993805308565,-2315.3066334286223,-2322.605347204263,10.32706900707166,42,-2294.9713414280786,-2295.8441139344736,-2330.8981734086274,-2307.2378762570597,16.734150290893858
4,18.351645867029827,4.195137952001674,0.4118508497873942,0.09431187552265771,0.2,0.2591,3,0.094,20.215,0.5199999999999998,0.0,"{'subsample': np.float64(0.2), 'min_child_weight': np.float64(0.2591), 'max_depth': 3, 'learning_rate': np.float64(0.094), 'gamma': np.float64(20.215), 'colsample_bytree': np.float64(0.5199999999999998), 'colsample_bylevel': np.float64(0.0)}",0.2454483744883441,0.24491864042081535,0.25219888719451866,0.2475219673678927,0.0033141453241210725,47,0.2503461789412227,0.24678827852052054,0.24721837796348956,0.24811761180841094,0.0015855871639652774,-2457.995995741795,-2444.0121194964777,-2420.5364837922784,-2440.84819967685,15.45556103463015,47,-2429.3801161458955,-2442.5810632727166,-2447.7108310469707,-2439.8906701551946,7.721504108278127
5,31.22359291712443,0.5432739673386221,1.1255841255187988,0.028777556288367045,0.08,0.29009999999999997,9,0.20350000000000001,20.26,0.45999999999999985,0.0,"{'subsample': np.float64(0.08), 'min_child_weight': np.float64(0.29009999999999997), 'max_depth': 9, 'learning_rate': np.float64(0.20350000000000001), 'gamma': np.float64(20.26), 'colsample_bytree': np.float64(0.45999999999999985), 'colsample_bylevel': np.float64(0.0)}",0.46953100697166095,0.48455801239686214,0.4889857648506726,0.4810249280730652,0.008326020044096135,32,0.4874843368450763,0.5022900874037413,0.4948477580008064,0.49487406074987467,0.006044450969129085,-2060.946382493403,-2019.2792249633055,-2000.944664744909,-2027.0567574005393,25.105365180928207,32,-2008.7165804586953,-1985.5397962314657,-2005.1032828856607,-1999.7865531919406,10.181406018029566
6,60.922433614730835,0.5099356897409915,2.4978671868642173,0.1248950854859212,0.53,0.20909999999999998,12,0.146,39.83,0.34999999999999987,1.0,"{'subsample': np.float64(0.53), 'min_child_weight': np.float64(0.20909999999999998), 'max_depth': 12, 'learning_rate': np.float64(0.146), 'gamma': np.float64(39.83), 'colsample_bytree': np.float64(0.34999999999999987), 'colsample_bylevel': np.float64(1.0)}",0.8681253691535006,0.8619876161591964,0.8672070132324856,0.8657733328483941,0.002703033177447008,9,0.9867425500749119,0.9868039990017402,0.9865617981945879,0.9867027824237465,0.0001027988563675235,-1027.5839681525317,-1044.877817460759,-1020.0140384362915,-1030.825274683194,10.406133699687983,9,-323.06885374377237,-323.30440413224414,-327.03646892816784,-324.46990893472815,1.8173778998548566
7,26.431204398473103,0.4658548021598963,0.712500810623169,0.008603065147650427,0.39,0.0141,5,0.0845,1.055,0.8099999999999996,0.0,"{'subsample': np.float64(0.39), 'min_child_weight': np.float64(0.0141), 'max_depth': 5, 'learning_rate': np.float64(0.0845), 'gamma': np.float64(1.055), 'colsample_bytree': np.float64(0.8099999999999996), 'colsample_bylevel': np.float64(0.0)}",0.24975082120014536,0.2944386648072074,0.26368956281293376,0.26929301627342883,0.018669044959955486,45,0.25495206977172924,0.29840475346030104,0.25938858863144987,0.27091513728782673,0.01952229363028562,-2450.9782419067005,-2362.511152480468,-2401.867566652005,-2405.118987013058,36.18964196802231,45,-2421.9055329685125,-2357.402663161813,-2427.844153235122,-2402.384116455149,31.898956701363385
8,31.324028253555298,0.8367008959868034,1.1001747449239094,0.048825179590456916,0.06999999999999999,0.3251,9,0.0325,14.24,0.8599999999999995,0.0,"{'subsample': np.float64(0.06999999999999999), 'min_child_weight': np.float64(0.3251), 'max_depth': 9, 'learning_rate': np.float64(0.0325), 'gamma': np.float64(14.24), 'colsample_bytree': np.float64(0.8599999999999995), 'colsample_bylevel': np.float64(0.0)}",0.22415606797281806,0.2262997808720938,0.24086111971558344,0.2304389895201651,0.007421341954405027,48,0.23073012664936443,0.23002889848380748,0.23817690076194742,0.23297864196503978,0.0036868551300318604,-2492.4351964987577,-2473.9609515695515,-2438.8169059633133,-2468.404351343874,22.23941133119056,48,-2460.959436724833,-2469.60595470073,-2462.3663864220143,-2464.310592615859,3.7881852797010556
9,31.46856665611267,0.7123376955905438,1.0285770893096924,0.07365120725006741,0.41000000000000003,0.022099999999999998,8,0.1015,14.47,0.6899999999999997,0.0,"{'subsample': np.float64(0.41000000000000003), 'min_child_weight': np.float64(0.022099999999999998), 'max_depth': 8, 'learning_rate': np.float64(0.1015), 'gamma': np.float64(14.47), 'colsample_bytree': np.float64(0.6899999999999997), 'colsample_bylevel': np.float64(0.0)}",0.40211079391096227,0.4004491100900801,0.40249014554733475,0.401683349849459,0.0008863737938847444,38,0.4125888903561341,0.41117683990673637,0.40062604869528495,0.40813059298605187,0.005337734249471534,-2187.9986416539623,-2177.807587615267,-2163.6704588175653,-2176.492229362265,9.975394579684421,38,-2150.4837793228626,-2159.6476083413995,-2184.1101541946546,-2164.7471806196386,14.19360184074293
10,28.827828804651897,0.355696030009298,0.7094806830088297,0.01306720970886575,0.55,0.2191,5,0.11950000000000001,32.975,0.8699999999999996,1.0,"{'subsample': np.float64(0.55), 'min_child_weight': np.float64(0.2191), 'max_depth': 5, 'learning_rate': np.float64(0.11950000000000001), 'gamma': np.float64(32.975), 'colsample_bytree': np.float64(0.8699999999999996), 'colsample_bylevel': np.float64(1.0)}",0.8180543537315037,0.8128713247946627,0.8170622112557089,0.8159959632606251,0.0022462725911010658,15,0.8337435048603752,0.835709021025287,0.8298822469099232,0.8331115909318618,0.0024203733262529773,-1207.0007098161454,-1216.680792822921,-1197.2098795872612,-1206.9637940754426,7.949009902144255,15,-1144.0747573868964,-1140.767945982458,-1163.5911905715448,-1149.4779646469663,10.070455465196984
11,34.35986876487732,0.11968406645029357,0.9945131142934164,0.010606552414983973,0.67,0.1441,7,0.2445,35.355000000000004,0.23999999999999994,1.0,"{'subsample': np.float64(0.67), 'min_child_weight': np.float64(0.1441), 'max_depth': 7, 'learning_rate': np.float64(0.2445), 'gamma': np.float64(35.355000000000004), 'colsample_bytree': np.float64(0.23999999999999994), 'colsample_bylevel': np.float64(1.0)}",0.848832455033761,0.8429890595059213,0.8504876098020978,0.8474363747805934,0.0032165037116964694,11,0.9040708721196345,0.9049972391198802,0.9001510459186868,0.9030730523860672,0.0021004968144617015,-1100.1856385736803,-1114.4778416099516,-1082.3237079994797,-1098.9957293943705,13.153807812474547,11,-869.0411499096685,-867.4781889638564,-891.4507724187889,-875.990037097438,10.950995821908482
12,36.20579648017883,0.650437506348975,1.444596290588379,0.011279357563403907,0.76,0.2971,12,0.14100000000000001,36.44,0.5399999999999998,0.0,"{'subsample': np.float64(0.76), 'min_child_weight': np.float64(0.2971), 'max_depth': 12, 'learning_rate': np.float64(0.14100000000000001), 'gamma': np.float64(36.44), 'colsample_bytree': np.float64(0.5399999999999998), 'colsample_bylevel': np.float64(0.0)}",0.5034759350440456,0.5030158030421225,0.5116400220735249,0.5060439200532311,0.003961497926370063,27,0.5371632230994143,0.5331551218448707,0.5330979438699625,0.5344720962714158,0.0019030571954066684,-1993.9159279801759,-1982.7947954253427,-1956.0890058563182,-1977.5999097539454,15.873649804949585,27,-1908.8817390591391,-1922.9887790839637,-1927.695789862904,-1919.8554360020023,7.993977152148861
13,26.88106648127238,0.44539539100547343,0.8086442152659098,0.016620143606106016,0.91,0.11610000000000001,6,0.0775,12.315,0.33999999999999986,0.0,"{'subsample': np.float64(0.91), 'min_child_weight': np.float64(0.11610000000000001), 'max_depth': 6, 'learning_rate': np.float64(0.0775), 'gamma': np.float64(12.315), 'colsample_bytree': np.float64(0.33999999999999986), 'colsample_bylevel': np.float64(0.0)}",0.26569798320450566,0.26977340126408356,0.27399654445671406,0.2698226429751011,0.0033880523681255404,44,0.2716169007479484,0.27368615301585,0.2704919677086458,0.27193167382414807,0.0013228798159860395,-2424.7895519059803,-2403.4511786482803,-2384.9974735955643,-2404.412734716608,16.25927051705114,44,-2394.666414570377,-2398.571189465883,-2409.5760876985505,-2400.9378972449367,6.312715605866174
14,42.2207400004069,0.3297210972232385,1.3464814027150471,0.02426135812101191,0.92,0.3471,9,0.23650000000000002,22.52,0.6699999999999997,1.0,"{'subsample': np.float64(0.92), 'min_child_weight': np.float64(0.3471), 'max_depth': 9, 'learning_rate': np.float64(0.23650000000000002), 'gamma': np.float64(22.52), 'colsample_bytree': np.float64(0.6699999999999997), 'colsample_bylevel': np.float64(1.0)}",0.9207103764885023,0.9138804565305573,0.9151321759484863,0.9165743363225153,0.0029689303984542447,2,0.9797962357773152,0.9785061265999944,0.9782470595009898,0.9788498072927666,0.000677531843148657,-796.7918245749036,-825.3864596655732,-815.4364360772441,-812.538240105907,11.852227467396014,2,-398.82395775000117,-412.61764320227394,-416.0874258098375,-409.17634225403754,7.456037666459616
15,31.243110815684002,0.26847607031459664,0.8328681786855062,0.02714939501461196,0.62,0.3461,6,0.1875,36.765,0.7299999999999996,1.0,"{'subsample': np.float64(0.62), 'min_child_weight': np.float64(0.3461), 'max_depth': 6, 'learning_rate': np.float64(0.1875), 'gamma': np.float64(36.765), 'colsample_bytree': np.float64(0.7299999999999996), 'colsample_bylevel': np.float64(1.0)}",0.8720624726985017,0.8685372095235058,0.8778381362627519,0.8728126061615864,0.003833956590915396,8,0.9060569126435448,0.9046627903879668,0.9049595109859678,0.9052264046724932,0.0005996212114353431,-1012.1285321049065,-1019.7833192762091,-978.3323274519897,-1003.4147262777018,18.00914563582526,8,-859.9981311441946,-869.0037871912904,-869.7209603537574,-866.2409595630808,4.424045233115669
16,47.263049364089966,0.6760473645226907,1.5740448633829753,0.042743387689354546,0.09,0.08610000000000001,10,0.0425,37.145,0.3799999999999999,1.0,"{'subsample': np.float64(0.09), 'min_child_weight': np.float64(0.08610000000000001), 'max_depth': 10, 'learning_rate': np.float64(0.0425), 'gamma': np.float64(37.145), 'colsample_bytree': np.float64(0.3799999999999999), 'colsample_bylevel': np.float64(1.0)}",0.7897258447492047,0.7879821814623917,0.7914631630818666,0.7897237297644876,0.0014211055822025117,18,0.8263265967268647,0.8334987464662515,0.8269747321927834,0.8289333584619666,0.0032390426175849607,-1297.5665460504963,-1295.0682654038965,-1278.232837774865,-1290.2892164097525,8.58594009172845,18,-1169.3156181758159,-1148.4159208134438,-1173.4926415571563,-1163.741393515472,10.970094689276069
17,27.647177934646606,1.601684012959187,0.6995983123779297,0.02537648890377236,0.2,0.4201,5,0.1645,11.235,0.8499999999999996,1.0,"{'subsample': np.float64(0.2), 'min_child_weight': np.float64(0.4201), 'max_depth': 5, 'learning_rate': np.float64(0.1645), 'gamma': np.float64(11.235), 'colsample_bytree': np.float64(0.8499999999999996), 'colsample_bylevel': np.float64(1.0)}",0.8181275436952127,0.81445670804426,0.8217316146388172,0.8181052887927632,0.0029700098709594955,14,0.8455335303281492,0.8458519551853637,0.8447360679517615,0.8453738511550913,0.000469342915333344,-1206.7579196594281,-1211.5158755750745,-1181.831999667954,-1200.0352649674853,13.017390593552253,14,-1102.7630440088124,-1104.992832893485,-1111.6316307467716,-1106.4625025496896,3.766776195099583
18,34.06051516532898,0.9886274080102403,1.167643149693807,0.028081371748461585,0.97,0.056100000000000004,10,0.1105,0.87,0.7599999999999997,0.0,"{'subsample': np.float64(0.97), 'min_child_weight': np.float64(0.056100000000000004), 'max_depth': 10, 'learning_rate': np.float64(0.1105), 'gamma': np.float64(0.87), 'colsample_bytree': np.float64(0.7599999999999997), 'colsample_bylevel': np.float64(0.0)}",0.4298519798559636,0.44090689194862565,0.4430029277401816,0.43792059984825693,0.005769189021280659,37,0.45148990485917284,0.46099086551255375,0.45387119831642697,0.4554506562293845,0.004036341479473394,-2136.635804716555,-2103.0449242685713,-2089.0317259726485,-2109.5708183192583,19.97460968554172,37,-2078.0567595626776,-2066.276866303095,-2084.8419931996546,-2076.391873021809,7.670066039125169
19,37.64839299519857,0.630316777123636,1.0776400566101074,0.038350042911167795,0.8200000000000001,0.21109999999999998,8,0.222,6.135,0.33999999999999986,1.0,"{'subsample': np.float64(0.8200000000000001), 'min_child_weight': np.float64(0.21109999999999998), 'max_depth': 8, 'learning_rate': np.float64(0.222), 'gamma': np.float64(6.135), 'colsample_bytree': np.float64(0.33999999999999986), 'colsample_bylevel': np.float64(1.0)}",0.8863209310294786,0.8894359494486517,0.8909286364360754,0.8888951723047352,0.001919560230544524,7,0.9492302699032189,0.952761582683464,0.9500424758114265,0.9506781094660365,0.0015100916297000415,-954.0627627233492,-935.2192791365877,-924.4298291798526,-937.9039570132632,12.245633482305841,7,-632.2189663625915,-611.6994923993291,-630.5594798717967,-624.8259795445724,9.306520023938832
20,24.416225989659626,0.27075694518536664,0.4738158384958903,0.03323421366200746,0.060000000000000005,0.2391,3,0.048,15.885,0.23999999999999994,1.0,"{'subsample': np.float64(0.060000000000000005), 'min_child_weight': np.float64(0.2391), 'max_depth': 3, 'learning_rate': np.float64(0.048), 'gamma': np.float64(15.885), 'colsample_bytree': np.float64(0.23999999999999994), 'colsample_bylevel': np.float64(1.0)}",0.49627247809535047,0.49349762968425626,0.5041781920883617,0.4979827666226561,0.004524924931382662,29,0.49835245062154365,0.4999856218566966,0.499613727320534,0.49931726659959147,0.0006989176346938613,-2008.3274831860635,-2001.6918534144963,-1970.9762527257399,-1993.6651964420998,16.27060787308294,29,-1987.304612756127,-1990.1311492858727,-1995.6220740025465,-1991.0192786815153,3.4531744587626485
21,52.522213300069176,0.4890898202647326,1.8279658158620198,0.04485898894632983,0.21000000000000002,0.2301,11,0.0855,26.94,0.6399999999999997,1.0,"{'subsample': np.float64(0.21000000000000002), 'min_child_weight': np.float64(0.2301), 'max_depth': 11, 'learning_rate': np.float64(0.0855), 'gamma': np.float64(26.94), 'colsample_bytree': np.float64(0.6399999999999997), 'colsample_bylevel': np.float64(1.0)}",0.8932884697001943,0.8880627210092457,0.8950267427953402,0.8921259778349268,0.0029594977458920124,5,0.9557718516523434,0.9581044292529318,0.9568405140023152,0.9569055983025301,0.000953382238941135,-924.362600098357,-941.0091654258608,-906.896897079758,-924.0895542013253,13.927613542301419,5,-590.0848599292492,-576.0690017271711,-586.0892255671159,-584.0810290745121,5.8955186455402915
22,27.108521699905396,0.6074529729933292,0.602022647857666,0.007255911444849403,0.17,0.24109999999999998,4,0.018000000000000002,8.815,0.34999999999999987,1.0,"{'subsample': np.float64(0.17), 'min_child_weight': np.float64(0.24109999999999998), 'max_depth': 4, 'learning_rate': np.float64(0.018000000000000002), 'gamma': np.float64(8.815), 'colsample_bytree': np.float64(0.34999999999999987), 'colsample_bylevel': np.float64(1.0)}",0.44549297482324934,0.44726119519723984,0.451978084443051,0.44824408482118,0.0027372389622693357,36,0.4477904636390245,0.4528007425745175,0.44858283743431926,0.4497246812159538,0.0021990269316380603,-2107.124602452272,-2091.0598252830337,-2072.132596529021,-2090.1056747547755,14.301350100745438,36,-2085.052738344361,-2081.9159888722334,-2094.9118105598304,-2087.2935125921413,5.537065844897294
23,29.071440537770588,0.35419727787564653,0.9129793643951416,0.02421608015067921,0.93,0.3591,8,0.194,24.025000000000002,0.18999999999999995,0.0,"{'subsample': np.float64(0.93), 'min_child_weight': np.float64(0.3591), 'max_depth': 8, 'learning_rate': np.float64(0.194), 'gamma': np.float64(24.025000000000002), 'colsample_bytree': np.float64(0.18999999999999995), 'colsample_bylevel': np.float64(0.0)}",0.45263516451867514,0.4498960293657426,0.4525650721066157,0.4516987553303444,0.001275040891931033,35,0.4659107881630711,0.4624463981236493,0.4527223024380975,0.4603598295749393,0.005582673502949825,-2093.5104750882683,-2086.0699662334964,-2071.0225659706603,-2083.534335764142,9.354092884161819,35,-2050.557707795026,-2063.485107971907,-2087.033791135648,-2067.0255356341936,15.100267878239965
24,28.00215196609497,0.5543473547675741,0.8672335147857666,0.012257385006326475,0.01,0.0731,7,0.114,12.245000000000001,0.3899999999999999,0.0,"{'subsample': np.float64(0.01), 'min_child_weight': np.float64(0.0731), 'max_depth': 7, 'learning_rate': np.float64(0.114), 'gamma': np.float64(12.245000000000001), 'colsample_bytree': np.float64(0.3899999999999999), 'colsample_bylevel': np.float64(0.0)}",0.34191848386997115,0.34983030389257375,0.3641829965951431,0.35197726145256264,0.009215356813335405,40,0.3495898113688892,0.35514621771066135,0.3588686130139699,0.3545348806978401,0.003812640353667586,-2295.495987164088,-2267.878805733827,-2231.950961256119,-2265.1085847180116,26.015997293568688,40,-2262.8656033808043,-2260.065764205421,-2258.9110241249396,-2260.614130570388,1.6603621141986542
25,33.63626631100973,0.7347787264505792,1.312931776046753,0.025826643243395234,0.77,0.1271,11,0.166,21.11,0.6299999999999997,0.0,"{'subsample': np.float64(0.77), 'min_child_weight': np.float64(0.1271), 'max_depth': 11, 'learning_rate': np.float64(0.166), 'gamma': np.float64(21.11), 'colsample_bytree': np.float64(0.6299999999999997), 'colsample_bylevel': np.float64(0.0)}",0.49925726890945066,0.5076348208802766,0.5067667312938704,0.5045529403611992,0.0037613381462944925,28,0.5318586810919349,0.5445704653459533,0.5291035854610435,0.5351775772996439,0.0067363391329769914,-2002.3685634926017,-1973.5591454856117,-1965.8245776647775,-1980.5840955476635,15.724252342094479,28,-1919.789359553009,-1899.3327048308083,-1935.9239713745912,-1918.3486785861362,14.973017243378706
26,22.708572308222454,0.21245252854072152,0.48455556233723956,0.022763095066985217,0.32,0.2491,3,0.299,32.54,0.9199999999999996,1.0,"{'subsample': np.float64(0.32), 'min_child_weight': np.float64(0.2491), 'max_depth': 3, 'learning_rate': np.float64(0.299), 'gamma': np.float64(32.54), 'colsample_bytree': np.float64(0.9199999999999996), 'colsample_bylevel': np.float64(1.0)}",0.7132040431490488,0.7167361124001967,0.7254327343008621,0.7184576299500359,0.005138608036385729,20,0.7217224489587432,0.7298966219365216,0.7306709259093669,0.7274299989348773,0.004048207974576892,-1515.3857666301471,-1496.9320476101836,-1466.7056292492077,-1493.0078144965128,20.066367351111104,20,-1480.1447171975778,-1462.700664632345,-1464.088146922356,-1468.9778429174264,7.916463337787765
27,33.60422992706299,0.2485516404740474,0.9854009946187338,0.01555486545382193,0.32,0.3971,7,0.2095,16.82,0.8699999999999996,1.0,"{'subsample': np.float64(0.32), 'min_child_weight': np.float64(0.3971), 'max_depth': 7, 'learning_rate': np.float64(0.2095), 'gamma': np.float64(16.82), 'colsample_bytree': np.float64(0.8699999999999996), 'colsample_bylevel': np.float64(1.0)}",0.8929287151084903,0.8844628017132713,0.8951594468223506,0.8908503212147041,0.004607555029925915,6,0.9355163569395244,0.9336812485304239,0.9357475567745276,0.9349817207481586,0.0009244040720923219,-925.9194322687692,-956.0209217795926,-906.3234799402624,-929.4212779962081,20.43944102248543,6,-712.5082146214143,-724.784040249168,-715.1060114424453,-717.4660887710093,5.282136402274812
28,22.15446440378825,0.12775296197893451,0.4623061815897624,0.029721964214139685,0.51,0.1261,3,0.23500000000000001,15.795,0.13,0.0,"{'subsample': np.float64(0.51), 'min_child_weight': np.float64(0.1261), 'max_depth': 3, 'learning_rate': np.float64(0.23500000000000001), 'gamma': np.float64(15.795), 'colsample_bytree': np.float64(0.13), 'colsample_bylevel': np.float64(0.0)}",0.3555926997929728,0.3575529177899964,0.3648387719686218,0.35932812985053036,0.003977938835144521,39,0.3619272244673072,0.36108006067215626,0.35794055049770124,0.36031594521238824,0.001714894877609274,-2271.521843181338,-2254.3698167252765,-2230.7996582374562,-2252.230439381357,16.69344758112574,39,-2241.3010812400635,-2249.6433477965347,-2260.545363498513,-2250.4965975117034,7.8795780859148605
29,25.71155873934428,0.3644047537764716,0.564710776011149,0.012587099142262258,0.77,0.17709999999999998,4,0.149,2.19,0.5699999999999997,1.0,"{'subsample': np.float64(0.77), 'min_child_weight': np.float64(0.17709999999999998), 'max_depth': 4, 'learning_rate': np.float64(0.149), 'gamma': np.float64(2.19), 'colsample_bytree': np.float64(0.5699999999999997), 'colsample_bylevel': np.float64(1.0)}",0.7527058302557046,0.7479266336990917,0.7617596539536735,0.75413070596949,0.0057364806540083964,19,0.7616027687821877,0.7595366306583777,0.7684698913877029,0.763203096942756,0.0038185140635817356,-1407.1604825281868,-1412.1146583390735,-1366.2376054466358,-1395.1709154379653,20.558668646616695,19,-1369.9846358923976,-1380.1138521702346,-1357.4671959037996,-1369.1885613221439,9.262579232358135
30,32.575280825297035,0.5037340669290934,1.2574443817138672,0.031725123351768005,0.99,0.4031,10,0.251,10.8,0.8699999999999996,0.0,"{'subsample': np.float64(0.99), 'min_child_weight': np.float64(0.4031), 'max_depth': 10, 'learning_rate': np.float64(0.251), 'gamma': np.float64(10.8), 'colsample_bytree': np.float64(0.8699999999999996), 'colsample_bylevel': np.float64(0.0)}",0.5296166346816024,0.5319210500541649,0.5402709737856479,0.5339362195071383,0.004577074493541823,25,0.565119213536504,0.5720336107719126,0.5678521823803766,0.5683350022295978,0.0028433616884898927,-1940.7190504351604,-1924.270119259442,-1897.883464171383,-1920.957544621995,17.64372836046609,25,-1850.3343162657113,-1841.1759024374128,-1854.563754425477,-1848.6913243762003,5.587677631797095
31,28.603747606277466,0.6893802756071977,0.9610396226247152,0.008894893266645875,0.4,0.057100000000000005,7,0.28550000000000003,13.455,0.9799999999999995,0.0,"{'subsample': np.float64(0.4), 'min_child_weight': np.float64(0.057100000000000005), 'max_depth': 7, 'learning_rate': np.float64(0.28550000000000003), 'gamma': np.float64(13.455), 'colsample_bytree': np.float64(0.9799999999999995), 'colsample_bylevel': np.float64(0.0)}",0.454599742625569,0.4550718454447209,0.48536467511647097,0.46501208772892033,0.014392743085640482,33,0.4696732601283493,0.4694003691233727,0.48904029802378746,0.47603797575850315,0.009194705200743896,-2089.7501294780673,-2076.2330697579473,-2008.021580837623,-2058.0015933578793,35.76943727553866,33,-2043.3222109419783,-2050.0946987524594,-2016.596135265173,-2036.6710149865369,14.461840469691262
32,24.304967323939007,0.9569469217995784,0.531904379526774,0.01012018591464028,0.35000000000000003,0.2481,3,0.074,11.485,0.3899999999999999,1.0,"{'subsample': np.float64(0.35000000000000003), 'min_child_weight': np.float64(0.2481), 'max_depth': 3, 'learning_rate': np.float64(0.074), 'gamma': np.float64(11.485), 'colsample_bytree': np.float64(0.3899999999999999), 'colsample_bylevel': np.float64(1.0)}",0.5842640922818703,0.5862767171719423,0.5868798540528652,0.5858068878355592,0.0011183640178535465,23,0.5848361498199403,0.5922399227626866,0.586224082993547,0.5877667185253913,0.003213384169896994,-1824.5066890506034,-1809.0953679543431,-1799.106060102214,-1810.9027057023868,10.448216436153636,23,-1807.9018889896902,-1797.1850708873055,-1814.714087081131,-1806.6003489860423,7.215127948353676
33,34.55823000272115,0.15924321379939635,1.2928019364674885,0.01813702310339721,0.67,0.1411,12,0.1215,37.305,0.3999999999999998,0.0,"{'subsample': np.float64(0.67), 'min_child_weight': np.float64(0.1411), 'max_depth': 12, 'learning_rate': np.float64(0.1215), 'gamma': np.float64(37.305), 'colsample_bytree': np.float64(0.3999999999999998), 'colsample_bylevel': np.float64(0.0)}",0.4600075388860331,0.45518395372747733,0.46844884460697667,0.4612134457401624,0.0054820915118765365,34,0.4856674701442718,0.4804663866298341,0.48689111920279626,0.48434165865896733,0.0027853939553133347,-2079.364091398049,-2076.0194866507613,-2040.7561439421852,-2065.3799073303317,17.46508684538895,34,-2012.2738781371745,-2028.60399533122,-2020.8327490769307,-2020.5702075151085,6.669326699978927
34,44.190566062927246,0.7192827746012445,1.6988794803619385,0.5699328424267901,0.66,0.0101,9,0.1565,25.46,0.9299999999999996,1.0,"{'subsample': np.float64(0.66), 'min_child_weight': np.float64(0.0101), 'max_depth': 9, 'learning_rate': np.float64(0.1565), 'gamma': np.float64(25.46), 'colsample_bytree': np.float64(0.9299999999999996), 'colsample_bylevel': np.float64(1.0)}",0.921906580106613,0.9200918006411958,0.9219034620028587,0.9213006142502224,0.0008547612480175814,1,0.974257612709669,0.9741810037243653,0.9740125865739019,0.9741504010026455,0.00010234531982377511,-790.7585794323554,-795.0641162733334,-782.2300045743973,-789.3509000933622,5.333215203874914,1,-450.1834271608895,-452.2307904849755,-454.78604855566806,-452.4000887338443,1.8828218801789498
35,33.13810316721598,0.26472653555074915,1.177775462468465,0.01246300389926107,0.6900000000000001,0.2641,9,0.2015,3.25,0.45999999999999985,0.0,"{'subsample': np.float64(0.6900000000000001), 'min_child_weight': np.float64(0.2641), 'max_depth': 9, 'learning_rate': np.float64(0.2015), 'gamma': np.float64(3.25), 'colsample_bytree': np.float64(0.45999999999999985), 'colsample_bylevel': np.float64(0.0)}",0.48421003672095664,0.48775581474227603,0.4928935800023113,0.4882864771551813,0.003564845291373605,31,0.508508306671114,0.5095858882421136,0.5044706367267962,0.5075216105466746,0.0022017608782861644,-2032.2312954775734,-2013.0056748937143,-1993.2791950740075,-2012.8387218150983,15.902566594949706,31,-1967.0852605509244,-1970.933313371903,-1985.9133841786727,-1974.6439860338332,8.122043196899035
36,32.99229915936788,0.6015412635807625,1.159284194310506,0.03490296348394514,0.51,0.2491,9,0.0035,24.95,0.4199999999999998,0.0,"{'subsample': np.float64(0.51), 'min_child_weight': np.float64(0.2491), 'max_depth': 9, 'learning_rate': np.float64(0.0035), 'gamma': np.float64(24.95), 'colsample_bytree': np.float64(0.4199999999999998), 'colsample_bylevel': np.float64(0.0)}",0.05126042766390393,0.05255515237524888,0.05299548237644669,0.05227035413853317,0.0007364039836061434,50,0.05268720093905821,0.05327804515648682,0.05242287594005979,0.05279604067853494,0.0003575035327080724,-2756.1966423735307,-2737.6848320276945,-2723.9216080096394,-2739.267694136955,13.223679521734002,50,-2730.9377175220093,-2738.4301971599457,-2746.2045948024756,-2738.524169828144,6.233030756701544
37,21.652828296025593,0.3396605335790184,0.3832678000132243,0.09765530616643102,0.13,0.05910000000000001,3,0.2545,1.85,0.7799999999999997,0.0,"{'subsample': np.float64(0.13), 'min_child_weight': np.float64(0.05910000000000001), 'max_depth': 3, 'learning_rate': np.float64(0.2545), 'gamma': np.float64(1.85), 'colsample_bytree': np.float64(0.7799999999999997), 'colsample_bylevel': np.float64(0.0)}",0.33138638151809297,0.3303587126894495,0.3376643029014782,0.33313646570300687,0.003229035777363139,41,0.33688505750829645,0.33439342460861665,0.33261618648903746,0.3346315562019835,0.0017508750072629219,-2313.7919225462397,-2301.5880389623126,-2278.020670960803,-2297.800210823118,14.847139825708483,41,-2284.8595028916725,-2296.1446968705695,-2304.694897097191,-2295.2330322864777,8.123384559713873
38,38.84364358584086,0.7754879551641033,1.4846378167470295,0.014208667443051133,0.16,0.057100000000000005,10,0.23650000000000002,6.59,0.6199999999999998,1.0,"{'subsample': np.float64(0.16), 'min_child_weight': np.float64(0.057100000000000005), 'max_depth': 10, 'learning_rate': np.float64(0.23650000000000002), 'gamma': np.float64(6.59), 'colsample_bytree': np.float64(0.6199999999999998), 'colsample_bylevel': np.float64(1.0)}",0.8376726250161745,0.8337234542943712,0.841237764842929,0.8375446147178249,0.0030690395601234745,12,0.930665777882884,0.9346119303691328,0.9331797498956876,0.9328191527159015,0.0016310635805580577,-1140.0727738329203,-1146.8905583588858,-1115.3012314079572,-1134.0881878665878,13.572836750767673,12,-738.820465175556,-719.6804562269296,-729.2554006209281,-729.252107341138,7.813876279740813
39,46.60001873970032,0.42066246674957275,1.5035577615102131,0.04588669182307575,0.66,0.4351,10,0.2575,24.145,0.5899999999999997,1.0,"{'subsample': np.float64(0.66), 'min_child_weight': np.float64(0.4351), 'max_depth': 10, 'learning_rate': np.float64(0.2575), 'gamma': np.float64(24.145), 'colsample_bytree': np.float64(0.5899999999999997), 'colsample_bylevel': np.float64(1.0)}",0.9103229465715834,0.903504194654477,0.905422638175743,0.9064165931339345,0.0028710978470433924,4,0.9845065695014125,0.9854774817373642,0.9841599191995856,0.9847146568127872,0.0005576546165897715,-847.3783356891761,-873.6967055928283,-860.8196600237852,-860.6315671019298,10.745252682209799,4,-349.25198829727765,-339.1653025840358,-355.06208737804633,-347.82645941978654,6.567650068438559
40,28.347612857818604,0.7370788730249511,0.9582563241322836,0.06218667412670822,0.16,0.0281,7,0.045,28.26,0.7599999999999997,0.0,"{'subsample': np.float64(0.16), 'min_child_weight': np.float64(0.0281), 'max_depth': 7, 'learning_rate': np.float64(0.045), 'gamma': np.float64(28.26), 'colsample_bytree': np.float64(0.7599999999999997), 'colsample_bylevel': np.float64(0.0)}",0.26951776462101873,0.2763240505488659,0.2735903346310403,0.27314404993364166,0.002796516828276648,43,0.27516718643023597,0.28035592312875723,0.26998798325876616,0.27517036427258645,0.0042326943240249175,-2418.474546258582,-2392.646563946657,-2385.6646012260417,-2398.928570477093,14.111953037429315,43,-2388.823242873423,-2387.5327000475754,-2410.4082781309685,-2395.5880736839886,10.492702863864935
41,34.89125037193298,0.5306682406102627,0.8388410409291586,0.0032737793293800884,0.52,0.3881,6,0.018500000000000003,14.58,0.4099999999999998,1.0,"{'subsample': np.float64(0.52), 'min_child_weight': np.float64(0.3881), 'max_depth': 6, 'learning_rate': np.float64(0.018500000000000003), 'gamma': np.float64(14.58), 'colsample_bytree': np.float64(0.4099999999999998), 'colsample_bylevel': np.float64(1.0)}",0.5826803410412812,0.582757051732673,0.5902301474042448,0.585222513392733,0.0035410704527944654,24,0.5879657879255065,0.5943550785799039,0.5913598914539646,0.5912269193197917,0.0026101111033750304,-1827.9786263425174,-1816.7743234894183,-1791.7960761255274,-1812.1830086524876,15.124028652007473,24,-1801.0747265041875,-1792.517781088565,-1803.4167584810511,-1799.003088691268,4.684420239575708
42,20.919137001037598,0.4215524132131791,0.5132667223612467,0.01819792636960845,0.79,0.2001,3,0.0405,1.605,0.8099999999999996,0.0,"{'subsample': np.float64(0.79), 'min_child_weight': np.float64(0.2001), 'max_depth': 3, 'learning_rate': np.float64(0.0405), 'gamma': np.float64(1.605), 'colsample_bytree': np.float64(0.8099999999999996), 'colsample_bylevel': np.float64(0.0)}",0.1393608378514315,0.14093900392799918,0.14299530332102217,0.14109838170015096,0.0014880380300032181,49,0.14216720106048775,0.14176297637745838,0.14009633041885028,0.1413421692855988,0.0008962645666016564,-2625.108411740556,-2606.864639819306,-2591.2551630780763,-2607.742738212646,13.834471531702125,49,-2598.761455552162,-2607.3184252661854,-2616.0769046069954,-2607.385595141781,7.069162035997154
43,44.346832513809204,0.33052157011945377,1.5811946392059326,0.058055221621803425,0.47000000000000003,0.2651,10,0.281,10.63,0.16999999999999998,1.0,"{'subsample': np.float64(0.47000000000000003), 'min_child_weight': np.float64(0.2651), 'max_depth': 10, 'learning_rate': np.float64(0.281), 'gamma': np.float64(10.63), 'colsample_bytree': np.float64(0.16999999999999998), 'colsample_bylevel': np.float64(1.0)}",0.8046308280196002,0.796170960926091,0.8126114263924817,0.8044710717793909,0.006712742496183968,16,0.9438476148321812,0.9455267064339423,0.9452920362727986,0.9448887858463074,0.000742426351734737,-1250.7332903476645,-1269.8122403590817,-1211.686117476373,-1244.0772160610397,24.192134176569812,16,-664.8890754589845,-656.8742961981756,-659.8585992443915,-660.5406569671837,3.3073729456865357
44,38.173425833384194,0.9581133983980978,1.0208781560262044,0.024611385910429197,0.89,0.3851,7,0.124,35.7,0.32999999999999985,1.0,"{'subsample': np.float64(0.89), 'min_child_weight': np.float64(0.3851), 'max_depth': 7, 'learning_rate': np.float64(0.124), 'gamma': np.float64(35.7), 'colsample_bytree': np.float64(0.32999999999999985), 'colsample_bylevel': np.float64(1.0)}",0.853644570476505,0.85334564763314,0.8589080083358758,0.8552994088151736,0.0025545817129464105,10,0.8957335179538574,0.8971915312706576,0.8942439983328665,0.8957230158524605,0.0012033481971680097,-1082.5329166410104,-1077.0948733979178,-1051.4043305007733,-1070.3440401799005,13.575161892850593,10,-906.0193090219115,-902.4120714413566,-917.4409418818889,-908.6241074483856,6.406011125575623
45,53.52072620391846,1.9600613505093625,2.578246514002482,0.026190968479238675,0.37,0.1621,12,0.2155,10.125,0.1,1.0,"{'subsample': np.float64(0.37), 'min_child_weight': np.float64(0.1621), 'max_depth': 12, 'learning_rate': np.float64(0.2155), 'gamma': np.float64(10.125), 'colsample_bytree': np.float64(0.1), 'colsample_bylevel': np.float64(1.0)}",0.669223680842515,0.668204453321205,0.6692269735380101,0.6688850359005768,0.0004812464344242401,22,0.903166645071086,0.9063669454739611,0.9039403323351823,0.9044913076267432,0.0013633686212450762,-1627.4359173100438,-1620.0997572831934,-1609.8433683835638,-1619.1263476589338,7.215034726416763,22,-873.1273302337388,-861.2020332668874,-874.371806233521,-869.5670565780491,5.936743853646681
46,46.361362059911094,2.978053842671105,1.646960179011027,0.013459631825555504,0.8200000000000001,0.11510000000000001,10,0.163,4.4350000000000005,0.5099999999999998,1.0,"{'subsample': np.float64(0.8200000000000001), 'min_child_weight': np.float64(0.11510000000000001), 'max_depth': 10, 'learning_rate': np.float64(0.163), 'gamma': np.float64(4.4350000000000005), 'colsample_bytree': np.float64(0.5099999999999998), 'colsample_bylevel': np.float64(1.0)}",0.9072137008056811,0.9035111608712839,0.9101343396779359,0.9069530671183003,0.0027101748794089837,3,0.981420548817188,0.9816320310316481,0.9813356670089296,0.9814627489525886,0.0001246155342412305,-861.9431410526147,-873.6651681052484,-839.10336811612,-858.2372257579942,14.351071057597172,3,-382.4560485733255,-381.4354202580579,-385.4178662010766,-383.10311167748665,1.688981333593627
47,33.63780800501505,1.090943785015889,1.1105600198109944,0.15858655147562203,0.61,0.4671,10,0.241,29.3,0.5099999999999998,0.0,"{'subsample': np.float64(0.61), 'min_child_weight': np.float64(0.4671), 'max_depth': 10, 'learning_rate': np.float64(0.241), 'gamma': np.float64(29.3), 'colsample_bytree': np.float64(0.5099999999999998), 'colsample_bylevel': np.float64(0.0)}",0.4917840588332615,0.49473247704724344,0.4991095098087376,0.49520868189641415,0.0030095001016011754,30,0.5243356771882866,0.5292391384160914,0.5239402691102698,0.5258383615715493,0.0024101243739443113,-2017.25515166054,-1999.250312726229,-1981.0250745604242,-1999.1768463157312,14.790958266346065,30,-1935.1533329720014,-1931.0371339452872,-1946.508609702456,-1937.5663588732484,6.542612170798996
48,47.646992127100624,3.8208838611030265,1.5133449236551921,0.07745313815148623,0.99,0.3401,12,0.2705,15.81,0.21999999999999995,1.0,"{'subsample': np.float64(0.99), 'min_child_weight': np.float64(0.3401), 'max_depth': 12, 'learning_rate': np.float64(0.2705), 'gamma': np.float64(15.81), 'colsample_bytree': np.float64(0.21999999999999995), 'colsample_bylevel': np.float64(1.0)}",0.8246449564872311,0.8183889106173683,0.8247395987385144,0.8225911552810379,0.0029716868889501226,13,0.993702820886184,0.9936606791817284,0.9936690422463598,0.9936775141047574,1.8217392827328783e-05,-1184.938532294315,-1198.609353296606,-1171.8188511768626,-1185.1222455892614,10.93794812836026,13,-222.65790387417596,-224.084499513031,-224.47103724221597,-223.737813543141,0.7797463364727328
49,23.43883403142293,4.689155146874654,0.4047091801961263,0.024437816212141073,0.18000000000000002,0.1731,5,0.076,38.695,0.21999999999999995,1.0,"{'subsample': np.float64(0.18000000000000002), 'min_child_weight': np.float64(0.1731), 'max_depth': 5, 'learning_rate': np.float64(0.076), 'gamma': np.float64(38.695), 'colsample_bytree': np.float64(0.21999999999999995), 'colsample_bylevel': np.float64(1.0)}",0.6847794428502065,0.6794960654440565,0.6912228041424129,0.6851661041455586,0.004795221951267382,21,0.6922033063689609,0.6969154598223476,0.6951025287581166,0.6947404316498084,0.001940692879523528,-1588.7075436048294,-1592.2936504809288,-1555.3967560932456,-1578.7993167263346,16.61274458100884,21,-1556.6718367371966,-1549.4313646752003,-1557.767062428248,-1554.6234212802149,3.698465327748997
